iteration,pair_type,first_value,second_value
1,cartesian,5.9196533315,11.6608847700
1,polar,13.0774052925,1.1010471105
2,cartesian,7.4683743267,7.3561358305
2,polar,10.4828120960,0.7778271644
3,cartesian,11.9933475674,9.1427152785
3,polar,15.0807701573,0.6513365768
4,cartesian,7.7341089124,8.0499849130
4,polar,11.1632745092,0.8054077912
5,cartesian,3.4383338356,4.4276944299
5,polar,5.6059448383,0.9105175247
6,cartesian,6.6747859789,7.6745722270
6,polar,10.1711271121,0.8549603759
7,cartesian,6.1237086998,3.3418990251
7,polar,6.9762523846,0.4995599308
8,cartesian,9.1186275723,9.9450877956
8,polar,13.4927439783,0.8287235608
9,cartesian,7.5149645098,8.5690997010
9,polar,11.3975506698,0.8508436723
10,cartesian,5.0022471694,7.1343883358
10,polar,8.7133216209,0.9593017123
11,cartesian,7.5312013824,10.5030114329
11,polar,12.9240954586,0.9487177563
12,cartesian,5.8304303756,9.3097190992
12,polar,10.9847525266,1.0112817594
13,cartesian,3.9479791124,6.5197675657
13,polar,7.6219359865,1.0263133568
14,cartesian,4.6946391404,9.7843893951
14,polar,10.8523689807,1.1234315101
15,cartesian,5.8252074142,2.2832106200
15,polar,6.2566837985,0.3735505787
16,cartesian,4.0566000391,4.1526110987
16,polar,5.8051858553,0.7970931583
17,cartesian,10.4321136130,9.1278177935
17,polar,13.8616756601,0.7188147101
18,cartesian,8.1266264369,4.8224316957
18,polar,9.4497568595,0.5355607589
19,cartesian,9.7431581582,6.1539854135
19,polar,11.5239171884,0.5633464774
20,cartesian,4.2513452357,9.0037636972
20,polar,9.9569923686,1.1296560846
21,cartesian,8.7661008545,10.6714697335
21,polar,13.8103146403,0.8831110425
22,cartesian,4.8950409532,4.0462168328
22,polar,6.3508500684,0.6907484090
23,cartesian,5.0693869908,3.5696568457
23,polar,6.2000914879,0.6135121019
24,cartesian,8.9225013766,10.1322531003
24,polar,13.5008734423,0.8488012496
25,cartesian,6.5607024844,8.4935390577
25,polar,10.7323353849,0.9130910701
26,cartesian,10.5698065906,6.2437862163
26,polar,12.2762240806,0.5335673302
27,cartesian,10.9653913267,5.6490676036
27,polar,12.3349816269,0.4757117694
28,cartesian,8.9482801206,8.5484458045
28,polar,12.3752835438,0.7625501894
29,cartesian,6.5364685307,12.7436692154
29,polar,14.3222388587,1.0968671094
30,cartesian,2.7495593551,13.3027562024
30,polar,13.5839390173,1.3669755145
31,cartesian,7.2660938166,5.6154774106
31,polar,9.1831207060,0.6579548293
32,cartesian,2.9068250098,7.3167951468
32,polar,7.8730631179,1.1926359552
33,cartesian,5.1018610501,7.8906217553
33,polar,9.3963236353,0.9968341913
34,cartesian,2.8156103636,7.7091765066
34,polar,8.2072567969,1.2206199190
35,cartesian,6.3157573791,4.2888092452
35,polar,7.6343091379,0.5965369617
36,cartesian,7.4304571293,8.2658769098
36,polar,11.1146936187,0.8385718702
37,cartesian,9.8326369796,9.0388674357
37,polar,13.3559677483,0.7433611370
38,cartesian,9.6021223672,4.8035693065
38,polar,10.7366210717,0.4638565512
39,cartesian,7.5467608824,8.9274986638
39,polar,11.6899030025,0.8690145696
40,cartesian,8.5548428927,4.4942012031
40,polar,9.6634973676,0.4837135037
41,cartesian,7.2654806277,8.7237841620
41,polar,11.3530444752,0.8763516901
42,cartesian,7.3757058884,6.5247537161
42,polar,9.8475097567,0.7242569081
43,cartesian,10.9082668640,11.1504141658
43,polar,15.5987827104,0.7963751378
44,cartesian,8.1484414933,7.5090732620
44,polar,11.0807617078,0.7445862452
45,cartesian,10.6894201360,7.0081169198
45,polar,12.7819171334,0.5803105907
46,cartesian,12.0940936112,10.4770505385
46,polar,16.0011152193,0.7138783054
47,cartesian,5.5905372485,6.8819227145
47,polar,8.8665081613,0.8885694897
48,cartesian,6.0374045954,9.8556213830
48,polar,11.5578340140,1.0211745952
49,cartesian,10.3084139194,7.4892773491
49,polar,12.7417688233,0.6283043235
50,cartesian,4.2684491669,7.9202628803
50,polar,8.9972341518,1.0764936354
51,cartesian,3.9440850789,9.8541881310
51,polar,10.6141806481,1.1900791498
52,cartesian,7.7344275971,8.8675059174
52,polar,11.7666491173,0.8535422693
53,cartesian,8.3102400624,4.0477723000
53,polar,9.2436221519,0.4532602895
54,cartesian,6.2925601061,5.2242114781
54,polar,8.1785511099,0.6928982931
55,cartesian,4.8079475565,10.7101379526
55,polar,11.7398217477,1.1488445893
56,cartesian,5.8453345442,9.7586022153
56,polar,11.3753352975,1.0311175871
57,cartesian,6.1128770001,7.3576885274
57,polar,9.5657119800,0.8775462019
58,cartesian,7.4639966371,4.6894660629
58,polar,8.8148929519,0.5609531705
59,cartesian,8.5755362675,8.5057963293
59,polar,12.0784267797,0.7813153701
60,cartesian,10.7092330921,9.0707501562
60,polar,14.0344640730,0.7027514456
61,cartesian,9.8229007434,7.6272791376
61,polar,12.4364289914,0.6602336109
62,cartesian,9.1511041669,5.6709500481
62,polar,10.7657968549,0.5547798502
63,cartesian,3.3782107743,2.7828146903
63,polar,4.3767985602,0.6890582095
64,cartesian,5.5974204940,6.2607733493
64,polar,8.3981187845,0.8412803837
65,cartesian,5.4352497548,4.5354133589
65,polar,7.0789769199,0.6953935903
66,cartesian,5.4251918110,7.9703414160
66,polar,9.6415272895,0.9731599868
67,cartesian,7.2570843155,7.8061545689
67,polar,10.6583920887,0.8218330412
68,cartesian,10.2550081858,9.5030818368
68,polar,13.9811929851,0.7473598886
69,cartesian,12.0774989046,12.6669375978
69,polar,17.5019224058,0.8092147187
70,cartesian,10.4245654684,12.9234599292
70,polar,16.6038363563,0.8920203657
71,cartesian,11.6608184438,7.0716871203
71,polar,13.6375747663,0.5451476375
72,cartesian,12.1004191372,9.8134662476
72,polar,15.5796104922,0.6814136744
73,cartesian,7.7984906522,12.3799371476
73,polar,14.6314490134,1.0086598779
74,cartesian,5.3089336264,1.1944299066
74,polar,5.4416393717,0.2213000709
75,cartesian,6.7594727551,8.2364860724
75,polar,10.6550539533,0.8835755946
76,cartesian,10.5445270176,6.9148932620
76,polar,12.6096311941,0.5804279851
77,cartesian,8.1130152766,3.1442310634
77,polar,8.7009887863,0.3697311889
78,cartesian,9.8343480918,6.8479325779
78,polar,11.9836798598,0.6082573250
79,cartesian,5.5640419267,8.0734942670
79,polar,9.8050941985,0.9673731819
80,cartesian,4.0767102603,5.9107837682
80,polar,7.1803155433,0.9670117204
81,cartesian,7.9608426628,8.9937345837
81,polar,12.0109232644,0.8462440886
82,cartesian,3.4246694651,8.7323721806
82,polar,9.3799085735,1.1970486851
83,cartesian,10.8506535620,11.0445393964
83,polar,15.4828464180,0.7942531101
84,cartesian,7.3402243120,6.7944977372
84,polar,10.0022043796,0.7468083947
85,cartesian,10.4380951627,7.5442477867
85,polar,12.8790335543,0.6258390153
86,cartesian,6.2182115321,6.1382913424
86,polar,8.7375497288,0.7789303888
87,cartesian,2.3035484028,6.5363199938
87,polar,6.9303545584,1.2319647152
88,cartesian,6.6413952635,4.9248355289
88,polar,8.2681398170,0.6380622849
89,cartesian,10.1432083543,6.6230060335
89,polar,12.1139954036,0.5784461110
90,cartesian,10.3677715279,11.4794263459
90,polar,15.4682874193,0.8362374938
91,cartesian,9.1377195876,7.3147384183
91,polar,11.7048416217,0.6750453383
92,cartesian,10.4836366440,8.0490037362
92,polar,13.2171516761,0.6547761674
93,cartesian,9.3340325632,13.2537871520
93,polar,16.2107075034,0.9572210337
94,cartesian,4.9202582137,8.0569726476
94,polar,9.4405375447,1.0225585075
95,cartesian,9.5314814419,7.4098836175
95,polar,12.0729248197,0.6608149308
96,cartesian,5.6237265730,5.7607092444
96,polar,8.0505944853,0.7974300342
97,cartesian,7.5082225773,6.2350264855
97,polar,9.7595574462,0.6930202735
98,cartesian,7.0668819216,8.1617998691
98,polar,10.7961010183,0.8571730623
99,cartesian,10.9881451392,6.9396475379
99,polar,12.9960779295,0.5633010639
100,cartesian,11.2192513533,8.2409851016
100,polar,13.9206837610,0.6335328464
101,cartesian,7.7806015903,6.1969642641
101,polar,9.9468651945,0.6725807451
102,cartesian,5.3702606100,5.4803114925
102,polar,7.6729077327,0.7955402193
103,cartesian,9.2256562253,4.6532987812
103,polar,10.3327596669,0.4671508493
104,cartesian,7.9836132122,4.2503084465
104,polar,9.0445122485,0.4892140806
105,cartesian,6.7958906176,8.9024140137
105,polar,11.1998707384,0.9187892953
106,cartesian,9.2832337715,3.0529745552
106,polar,9.7723632194,0.3177279437
107,cartesian,12.0493820767,9.7891848595
107,polar,15.5246819176,0.6822696582
108,cartesian,7.6451442364,4.5551343581
108,polar,8.8992965686,0.5373407384
109,cartesian,2.9758535779,12.6763791215
109,polar,13.0209942841,1.3402157946
110,cartesian,8.0949042554,9.6207378612
110,polar,12.5732283801,0.8713153039
111,cartesian,3.8501688401,10.9481107534
111,polar,11.6053836285,1.2326307336
112,cartesian,5.1653258634,5.8448056987
112,polar,7.8001503146,0.8470340457
113,cartesian,3.5528441037,10.9350191207
113,polar,11.4977103980,1.2566502124
114,cartesian,5.2994833647,6.3676630042
114,polar,8.2844224945,0.8766981225
115,cartesian,11.2687062569,11.5537420661
115,polar,16.1391665347,0.7978867880
116,cartesian,10.6095345210,8.4485387047
116,polar,13.5624492256,0.6724903651
117,cartesian,5.7072204682,2.5146046890
117,polar,6.2366338850,0.4150099360
118,cartesian,11.0898712803,8.5596353928
118,polar,14.0090186334,0.6573344637
119,cartesian,8.4145021045,7.8197759986
119,polar,11.4870684830,0.7487805654
120,cartesian,4.8821357393,8.0740353277
120,polar,9.4353217142,1.0269492787
121,cartesian,10.0010457157,8.3358544115
121,polar,13.0195001508,0.6948356144
122,cartesian,8.1753956329,7.2930083728
122,polar,10.9555951403,0.7284154258
123,cartesian,3.7159905279,7.4844049502
123,polar,8.3561296700,1.1099544077
124,cartesian,6.5012349700,10.9667366555
124,polar,12.7489359951,1.0356774086
125,cartesian,3.9214477495,1.9720961877
125,polar,4.3894095076,0.4659649401
126,cartesian,10.4016937816,8.6916148189
126,polar,13.5550507814,0.6960721977
127,cartesian,11.8709621664,11.1912411008
127,polar,16.3145217562,0.7559333139
128,cartesian,6.8060709323,5.3511496923
128,polar,8.6577944400,0.6662891608
129,cartesian,7.4078496239,8.5120012051
129,polar,11.2840773024,0.8546441772
130,cartesian,8.6786170171,6.8263193739
130,polar,11.0416044814,0.6664966495
131,cartesian,13.6144932263,6.5967629477
131,polar,15.1285064431,0.4512030776
132,cartesian,5.6260335824,7.3859324058
132,polar,9.2846244605,0.9198347046
133,cartesian,12.0290801698,4.6799893644
133,polar,12.9074036965,0.3710366951
134,cartesian,10.9598693010,0.9775295045
134,polar,11.0033767102,0.0889563229
135,cartesian,4.2421900295,10.2238007001
135,polar,11.0689781372,1.1774835120
136,cartesian,6.5157912545,11.8135828275
136,polar,13.4913407374,1.0667632495
137,cartesian,10.5048463319,9.9619947129
137,polar,14.4773317679,0.7588809117
138,cartesian,11.2169541040,7.7158435210
138,polar,13.6144886284,0.6025408068
139,cartesian,11.2251250234,11.7934349974
139,polar,16.2815398789,0.8100823549
140,cartesian,10.9577510435,8.7712453143
140,polar,14.0359200730,0.6750215848
141,cartesian,7.9812585269,3.1989423437
141,polar,8.5984719451,0.3812016634
142,cartesian,6.8124272673,8.1674300102
142,polar,10.6356042726,0.8756076470
143,cartesian,7.5032377568,8.4915586078
143,polar,11.3315993763,0.8471098534
144,cartesian,5.6568465711,9.6019994506
144,polar,11.1444293967,1.0384062198
145,cartesian,4.3442008176,7.3557157197
145,polar,8.5427533321,1.0373258185
146,cartesian,10.4462318552,6.5803055277
146,polar,12.3460188243,0.5621305110
147,cartesian,5.0437422542,8.0764914642
147,polar,9.5220297363,1.0125590181
148,cartesian,5.7640281372,5.9009680155
148,polar,8.2489662313,0.7971370089
149,cartesian,5.6905237275,6.7704427339
149,polar,8.8442611397,0.8718463124
150,cartesian,9.7513301342,4.5843697623
150,polar,10.7751977014,0.4394654229
151,cartesian,5.8361079219,8.3629341479
151,polar,10.1979813315,0.9615120130
152,cartesian,10.4592946508,10.5445599286
152,polar,14.8520903808,0.7894576473
153,cartesian,10.3570527821,10.4577229520
153,polar,14.7184412106,0.7902346020
154,cartesian,6.3049582790,9.9851936368
154,polar,11.8091740128,1.0075860135
155,cartesian,6.8813314997,4.6843252954
155,polar,8.3243994788,0.5976753209
156,cartesian,10.8133019689,3.0923231571
156,polar,11.2467756258,0.2785397506
157,cartesian,9.4631109140,4.6650286661
157,polar,10.5504957527,0.4580077142
158,cartesian,8.7524420409,6.7750585313
158,polar,11.0682726648,0.6587327646
159,cartesian,10.5333108098,4.9824441941
159,polar,11.6522695971,0.4418298505
160,cartesian,9.4385052917,9.5770045715
160,polar,13.4463526171,0.7926815248
161,cartesian,5.1444030972,7.8815807910
161,polar,9.4119179231,0.9925169000
162,cartesian,10.3743197087,7.2051993069
162,polar,12.6309701318,0.6070403773
163,cartesian,6.1989763219,6.3064232942
163,polar,8.8429792607,0.7939899983
164,cartesian,4.0677498986,11.4372757502
164,polar,12.1391048198,1.2290905690
165,cartesian,7.1845796130,4.6046686195
165,polar,8.5335313505,0.5699584680
166,cartesian,5.9190911080,9.4836808672
166,polar,11.1792594717,1.0128197349
167,cartesian,9.1944610451,2.2377581758
167,polar,9.4628576848,0.2387394878
168,cartesian,5.5379131491,10.3428229010
168,polar,11.7321126660,1.0792038998
169,cartesian,5.9024592188,6.5361844210
169,polar,8.8068570793,0.8363022451
170,cartesian,8.3373205576,4.3536660648
170,polar,9.4056005807,0.4812416735
171,cartesian,4.5857248043,8.4031655774
171,polar,9.5729861434,1.0712496923
172,cartesian,5.1415428709,11.3905297487
172,polar,12.4971849250,1.1467891448
173,cartesian,7.6065092541,6.9126130902
173,polar,10.2782879298,0.7376426194
174,cartesian,4.1288786216,5.4771140532
174,polar,6.8590390744,0.9248408680
175,cartesian,5.8597234427,6.1488573102
175,polar,8.4938098075,0.8094707846
176,cartesian,9.9947893432,6.6948870996
176,polar,12.0298515074,0.5901947497
177,cartesian,2.5715511986,7.2653559060
177,polar,7.7070274431,1.2306095524
178,cartesian,9.4243130013,11.2917860935
178,polar,14.7078927358,0.8753011446
179,cartesian,6.4871620831,4.5487314765
179,polar,7.9230189914,0.6115239995
180,cartesian,3.2976367493,12.1287869528
180,polar,12.5690843372,1.3053282908
181,cartesian,8.9979235479,5.8945310407
181,polar,10.7567710938,0.5799514323
182,cartesian,6.5700788173,8.3871718822
182,polar,10.6541347770,0.9062915061
183,cartesian,7.0598804640,6.1734178041
183,polar,9.3783260527,0.7185108115
184,cartesian,4.6537301890,10.2688941098
184,polar,11.2741913639,1.1452951815
185,cartesian,3.7558828842,6.8099742475
185,polar,7.7770434929,1.0667817117
186,cartesian,8.6841461361,8.9666794163
186,polar,12.4826172683,0.8014035991
187,cartesian,7.9049554320,4.0548364880
187,polar,8.8842568246,0.4739528142
188,cartesian,8.2013031437,5.9735313829
188,polar,10.1461544654,0.6295094618
189,cartesian,7.9915035780,5.6222400979
189,polar,9.7710650983,0.6130892889
190,cartesian,6.5088708353,7.0565002547
190,polar,9.5999789268,0.8257459146
191,cartesian,6.7167889153,9.0902439020
191,polar,11.3025566811,0.9344366018
192,cartesian,7.8817322709,8.4783912144
192,polar,11.5760451439,0.8218523270
193,cartesian,5.8554631502,9.8018404621
193,polar,11.4176409625,1.0323025394
194,cartesian,6.4561220067,8.0859048336
194,polar,10.3471430039,0.8970064105
195,cartesian,10.3794160430,8.7840821947
195,polar,13.5975136476,0.7023411096
196,cartesian,6.7638806469,4.7184945641
196,polar,8.2470765945,0.6091145455
197,cartesian,3.7704988036,1.9686737761
197,polar,4.2535088650,0.4811909735
198,cartesian,12.8469929034,7.9946547541
198,polar,15.1314153765,0.5566537626
199,cartesian,6.3430231541,7.1117056180
199,polar,9.5294438206,0.8424671535
200,cartesian,9.2544462264,9.7837687853
200,polar,13.4672531201,0.8131941637
201,cartesian,11.8748724792,7.2682616456
201,polar,13.9226514625,0.5492477794
202,cartesian,9.9019757768,9.2675921369
202,polar,13.5623518720,0.7523169688
203,cartesian,6.2891937000,9.7366485295
203,polar,11.5912157250,0.9972875664
204,cartesian,12.0198039241,9.9556089983
204,polar,15.6073648288,0.6917409512
205,cartesian,11.4606089321,2.7909619086
205,polar,11.7955510880,0.2388767326
206,cartesian,8.6304588711,4.3100921393
206,polar,9.6468499820,0.4631712942
207,cartesian,6.5597239638,9.4184612111
207,polar,11.4776909728,0.9624399689
208,cartesian,11.3591904421,4.9613477067
208,polar,12.3954095764,0.4117971197
209,cartesian,6.6589470869,7.6220222821
209,polar,10.1211066576,0.8527338723
210,cartesian,8.8109965482,6.8366772635
210,polar,11.1523009364,0.6598880465
211,cartesian,5.7447679638,11.1627621020
211,polar,12.5542668724,1.0955079745
212,cartesian,8.5318788870,6.6356256128
212,polar,10.8085375799,0.6610227066
213,cartesian,3.9817863731,5.7290243035
213,polar,6.9768432827,0.9634204813
214,cartesian,7.9147874959,10.1368360989
214,polar,12.8607661980,0.9078761547
215,cartesian,10.3125145803,3.6055506710
215,polar,10.9246488552,0.3363439674
216,cartesian,10.7110797057,11.0779942074
216,polar,15.4093862344,0.8022359523
217,cartesian,8.7007498152,9.2701159716
217,polar,12.7136972385,0.8170703026
218,cartesian,7.4417850507,9.9326439904
218,polar,12.4111877506,0.9277914118
219,cartesian,12.0354548169,6.8007456061
219,polar,13.8239760362,0.5143314865
220,cartesian,8.1471460981,7.7807247817
220,polar,11.2656854062,0.7623971798
221,cartesian,7.4488107348,7.1236222025
221,polar,10.3068314552,0.7630865445
222,cartesian,10.4725099584,3.0275239715
222,polar,10.9013469914,0.2814201090
223,cartesian,2.3596742319,7.5147823447
223,polar,7.8765484934,1.2665415487
224,cartesian,7.3974480386,4.5920958050
224,polar,8.7068697800,0.5555499754
225,cartesian,13.1749411866,7.4879627262
225,polar,15.1541631593,0.5168214013
226,cartesian,3.4867782556,7.5620246081
226,polar,8.3271747176,1.1387578495
227,cartesian,7.7964326626,5.3371397453
227,polar,9.4482497280,0.6002894178
228,cartesian,4.8528109891,5.0273902319
228,polar,6.9874478202,0.8030659288
229,cartesian,13.2100722628,5.0160598883
229,polar,14.1303526492,0.3628977689
230,cartesian,8.4192466525,5.4153740931
230,polar,10.0104940319,0.5715896735
231,cartesian,10.1691449070,5.9640091784
231,polar,11.7890166519,0.5304196691
232,cartesian,9.0369895361,10.3157736501
232,polar,13.7143124463,0.8513798425
233,cartesian,12.6142782321,11.6399156966
233,polar,17.1641385668,0.7452468031
234,cartesian,8.1687628938,7.1551451245
234,polar,10.8593180710,0.7193482147
235,cartesian,5.2670226940,0.9004176691
235,polar,5.3434333567,0.1693170433
236,cartesian,7.4461487472,7.5351376776
236,polar,10.5935561067,0.7913380995
237,cartesian,10.6606647211,10.1347397748
237,polar,14.7092733539,0.7601131125
238,cartesian,8.9755568810,6.8679551415
238,polar,11.3017445180,0.6531484403
239,cartesian,8.6852462467,7.1741224022
239,polar,11.2650581271,0.6904022297
240,cartesian,6.5461437751,8.0299740557
240,polar,10.3601390753,0.8868474175
241,cartesian,11.3730224280,7.0428797968
241,polar,13.3771370248,0.5544624162
242,cartesian,10.3862240162,8.4574878804
242,polar,13.3941311984,0.6833990055
243,cartesian,6.0822622150,8.3610139565
243,polar,10.3392682542,0.9418807714
244,cartesian,4.2788353099,5.3858048016
244,polar,6.8786135936,0.8994392928
245,cartesian,7.3313914201,8.7504964398
245,polar,11.4157999324,0.8734126273
246,cartesian,10.4577870312,7.0221869091
246,polar,12.5966828402,0.5913269901
247,cartesian,3.6010838224,4.7106241312
247,polar,5.9294000035,0.9181048537
248,cartesian,2.6544506745,9.9401375470
248,polar,10.2884616360,1.3098420068
249,cartesian,5.1816364546,6.2238760260
249,polar,8.0985177122,0.8765254139
250,cartesian,10.1330614506,8.4337873437
250,polar,13.1836149565,0.6941304796
251,cartesian,6.6545450908,7.2010221062
251,polar,9.8049829036,0.8248187015
252,cartesian,6.2659962088,4.0242156243
252,polar,7.4469470174,0.5708941500
253,cartesian,4.6702811715,8.6216447290
253,polar,9.8053191715,1.0743535212
254,cartesian,10.1447890639,10.0762423328
254,polar,14.2985105763,0.7820083032
255,cartesian,7.6790334057,7.6633994359
255,polar,10.8487439347,0.7843791617
256,cartesian,9.2475045842,8.5587174600
256,polar,12.6003168847,0.7467350556
257,cartesian,7.8656672925,8.1754254940
257,polar,11.3448800771,0.8047060567
258,cartesian,10.4021085812,5.3262909209
258,polar,11.6864553184,0.4732327877
259,cartesian,5.1848208861,9.4526228608
259,polar,10.7812080292,1.0691008212
260,cartesian,14.3241513635,9.4143515525
260,polar,17.1409255129,0.5814454082
261,cartesian,6.1830019996,13.0285757053
261,polar,14.4212793689,1.1276969591
262,cartesian,10.2072599921,10.8270077705
262,polar,14.8799278832,0.8148533620
263,cartesian,6.2747531933,8.4501876501
263,polar,10.5251222776,0.9320752315
264,cartesian,6.0512974178,7.0929646245
264,polar,9.3235372903,0.8644816979
265,cartesian,9.0576327915,6.2129953460
265,polar,10.9837162634,0.6012274675
266,cartesian,9.6155882419,4.3934753900
266,polar,10.5717625418,0.4285868639
267,cartesian,7.1554310126,7.4219115795
267,polar,10.3094599505,0.8036765902
268,cartesian,4.6676455714,8.2759627146
268,polar,9.5014985152,1.0572678926
269,cartesian,8.2552761125,10.9140485188
269,polar,13.6845182146,0.9232182069
270,cartesian,11.5586084976,8.4731551230
270,polar,14.3316359198,0.6325711550
271,cartesian,4.1023438648,9.0852489536
271,polar,9.9684990713,1.1466633375
272,cartesian,10.2852446805,6.7049883834
272,polar,12.2777492791,0.5777122880
273,cartesian,5.6313671039,9.5870948510
273,polar,11.1186637300,1.0397002181
274,cartesian,5.6763112503,8.3447281966
274,polar,10.0923237208,0.9734643114
275,cartesian,5.8788497818,8.1684878373
275,polar,10.0640483060,0.9469717586
276,cartesian,9.4960527983,6.1290109177
276,polar,11.3022030409,0.5731538896
277,cartesian,6.4055344604,9.7248699860
277,polar,11.6449116771,0.9883464308
278,cartesian,8.2942768109,10.7102828210
278,polar,13.5464085987,0.9118475754
279,cartesian,7.6551360995,11.0385750158
279,polar,13.4332143242,0.9644531888
280,cartesian,8.1437643972,9.8001205401
280,polar,12.7421843166,0.8774448760
281,cartesian,6.7483873214,8.1666641386
281,polar,10.5941084850,0.8802034076
282,cartesian,5.4223060746,7.2813437061
282,polar,9.0785114051,0.9307056256
283,cartesian,5.4786796890,9.2679511974
283,polar,10.7661901587,1.0369151634
284,cartesian,3.8273355921,8.7440871149
284,polar,9.5450278788,1.1582133583
285,cartesian,5.2579281149,7.0813565529
285,polar,8.8199443701,0.9321106230
286,cartesian,8.4455477371,12.4675849059
286,polar,15.0588163534,0.9753994036
287,cartesian,9.8929324642,3.7705508126
287,polar,10.5871226578,0.3641391280
288,cartesian,7.0688527520,6.7023267767
288,polar,9.7411428206,0.7587890073
289,cartesian,11.6473189079,3.4533530199
289,polar,12.1484848777,0.2882366206
290,cartesian,8.4009954646,6.0987287779
290,polar,10.3812917069,0.6279326430
291,cartesian,4.1884065485,10.3999005168
291,polar,11.2116314680,1.1879342007
292,cartesian,9.9240265869,8.3276073263
292,polar,12.9551282309,0.6981530042
293,cartesian,11.4700652865,5.4915200837
293,polar,12.7168860381,0.4465196027
294,cartesian,1.3049732905,5.9719828662
294,polar,6.1128990375,1.3556620348
295,cartesian,9.7480262534,7.9706939835
295,polar,12.5919013026,0.6854244088
296,cartesian,5.4725616698,6.9034526616
296,polar,8.8094602491,0.9005051580
297,cartesian,5.0072530414,8.0402275908
297,polar,9.4719503130,1.0137985845
298,cartesian,4.6586660776,8.3433739558
298,polar,9.5558913027,1.0615518917
299,cartesian,2.7302467457,3.0453850285
299,polar,4.0900632348,0.8399075422
300,cartesian,2.3350918215,2.1858449514
300,polar,3.1985265305,0.7523977708
301,cartesian,8.0488243883,8.8327146130
301,polar,11.9499130318,0.8317995933
302,cartesian,8.8386104222,4.3869675945
302,polar,9.8674474344,0.4607163864
303,cartesian,7.6673316327,5.3843872675
303,polar,9.3690768282,0.6122347528
304,cartesian,7.7029342743,10.6193188956
304,polar,13.1188844892,0.9432457198
305,cartesian,11.6937726501,12.8257676837
305,polar,17.3564004180,0.8315324629
306,cartesian,9.8681837597,5.5422659588
306,polar,11.3180282149,0.5117281637
307,cartesian,6.4519522259,4.1857349349
307,polar,7.6907778846,0.5754993577
308,cartesian,6.3467615193,9.4520439914
308,polar,11.3851885095,0.9794758860
309,cartesian,9.4163418160,11.7996890075
309,polar,15.0963622727,0.8972662503
310,cartesian,5.1337985712,5.4531115592
310,polar,7.4894801854,0.8155501352
311,cartesian,10.3554821000,9.4982335767
311,polar,14.0517774890,0.7422467255
312,cartesian,7.8502581573,5.7969634428
312,polar,9.7586545329,0.6360631152
313,cartesian,4.7170962059,5.1290094408
313,polar,6.9683379984,0.8272089254
314,cartesian,9.5699382757,3.6683257014
314,polar,10.2489185797,0.3660427917
315,cartesian,11.5400092342,10.0715048667
315,polar,15.3168868705,0.7175523629
316,cartesian,12.3020426651,7.8231997740
316,polar,14.5788445508,0.5664182978
317,cartesian,10.0772513703,5.7876251064
317,polar,11.6209982167,0.5213274270
318,cartesian,8.1026076760,3.4746095337
318,polar,8.8161875299,0.4051069078
319,cartesian,7.3384398248,2.9158544750
319,polar,7.8965122923,0.3782110306
320,cartesian,5.8891490987,6.8598059146
320,polar,9.0409631286,0.8613877460
321,cartesian,4.4989385047,13.2451745218
321,polar,13.9883914651,1.2433570341
322,cartesian,13.9790187742,6.2662675827
322,polar,15.3192387313,0.4214079424
323,cartesian,6.3314555138,3.9773709979
323,polar,7.4770855939,0.5608915406
324,cartesian,5.9575588831,7.3453943775
324,polar,9.4576596686,0.8893474991
325,cartesian,8.2455798311,9.5866825139
325,polar,12.6449226321,0.8604633888
326,cartesian,6.3396227926,5.0181447987
326,polar,8.0853320509,0.6695688116
327,cartesian,8.3994350454,10.1233901868
327,polar,13.1542212979,0.8782027425
328,cartesian,6.1443192837,8.8453851628
328,polar,10.7700277687,0.9636797226
329,cartesian,6.0865500182,7.0399739726
329,polar,9.3063056397,0.8579042291
330,cartesian,10.6316754728,8.9563077753
330,polar,13.9013658439,0.7000754346
331,cartesian,4.7018331908,6.4875841872
331,polar,8.0122396332,0.9436564121
332,cartesian,7.9765382313,8.3727655751
332,polar,11.5640981288,0.8096285406
333,cartesian,8.3512515361,10.9348090751
333,polar,13.7591224912,0.9185652056
334,cartesian,4.3034550713,6.9485760401
334,polar,8.1732756308,1.0162853878
335,cartesian,9.3796420079,4.6346163250
335,polar,10.4621868018,0.4589280652
336,cartesian,5.8196511545,3.3160392021
336,polar,6.6980934265,0.5179178168
337,cartesian,7.5256468338,7.8759728279
337,polar,10.8934066414,0.8081402907
338,cartesian,11.7786962971,9.3256779071
338,polar,15.0235134003,0.6696846974
339,cartesian,2.9961851655,11.1888715105
339,polar,11.5830898824,1.3091523732
340,cartesian,4.7124663887,6.1822250843
340,polar,7.7734964113,0.9194945229
341,cartesian,5.4639864950,13.8357615465
341,polar,14.8755990128,1.1946789459
342,cartesian,9.0739498107,5.9062930709
342,polar,10.8268584089,0.5770122273
343,cartesian,6.1918408667,11.9461681085
343,polar,13.4554756807,1.0926067616
344,cartesian,6.4266088208,5.0407949082
344,polar,8.1676749594,0.6651332641
345,cartesian,7.2144734172,6.7763079761
345,polar,9.8978268562,0.7540902430
346,cartesian,9.7408042532,7.7917506996
346,polar,12.4737583135,0.6746850582
347,cartesian,9.8840656483,5.7271577382
347,polar,11.4234447299,0.5251597125
348,cartesian,9.1332912912,7.0652598035
348,polar,11.5470734777,0.6584173952
349,cartesian,8.8021364671,2.9868185037
349,polar,9.2950896262,0.3271367445
350,cartesian,6.2083988175,3.3401940497
350,polar,7.0499015714,0.4935929312
351,cartesian,3.1361268636,6.0723454843
351,polar,6.8343742497,1.0940671641
352,cartesian,6.7429396775,9.5588234099
352,polar,11.6977921197,0.9564452140
353,cartesian,8.8628833509,5.7011779316
353,polar,10.5382223880,0.5716256411
354,cartesian,6.0528166895,8.4141911608
354,polar,10.3650954056,0.9471961405
355,cartesian,6.8740242084,8.1413153492
355,polar,10.6551970621,0.8695983791
356,cartesian,7.9654184219,8.4660719088
356,polar,11.6242102614,0.8158578863
357,cartesian,11.6876652179,8.1307596898
357,polar,14.2376532961,0.6078141026
358,cartesian,7.2906543948,1.5376103657
358,polar,7.4510326225,0.2078555154
359,cartesian,7.8295490040,8.8791903350
359,polar,11.8381526689,0.8481356221
360,cartesian,7.7152239876,3.5876837362
360,polar,8.5085930547,0.4352688182
361,cartesian,8.6567514010,9.3453482365
361,polar,12.7387157312,0.8236304423
362,cartesian,6.1968884986,6.6127235711
362,polar,9.0625349705,0.8178495046
363,cartesian,7.4432645682,8.9747110310
363,polar,11.6596580363,0.8784076725
364,cartesian,6.6305964629,4.9401193818
364,polar,8.2685905062,0.6403249427
365,cartesian,6.1446080282,4.8124737752
365,polar,7.8048774275,0.6644144547
366,cartesian,7.8320930767,9.1686203129
366,polar,12.0584111890,0.8638527504
367,cartesian,6.9169308257,13.6777930401
367,polar,15.3272944284,1.1025949953
368,cartesian,9.5146402520,10.0650819810
368,polar,13.8504243404,0.8135036074
369,cartesian,8.3865126262,7.0653845620
369,polar,10.9660044245,0.7001061840
370,cartesian,8.9401316065,9.2041760439
370,polar,12.8313214358,0.7999496032
371,cartesian,4.6217919334,10.9520578205
371,polar,11.8873264942,1.1714676240
372,cartesian,12.0617619372,9.5567899681
372,polar,15.3889029994,0.6700411915
373,cartesian,7.8945905284,4.7295032938
373,polar,9.2028669999,0.5397438737
374,cartesian,6.6340545433,9.7089053895
374,polar,11.7589762967,0.9713694096
375,cartesian,7.2562636464,10.0845764571
375,polar,12.4238498230,0.9470758002
376,cartesian,6.5887809515,4.5522492117
376,polar,8.0084335118,0.6045986470
377,cartesian,11.4591446356,7.0632150701
377,polar,13.4610921884,0.5523783751
378,cartesian,7.9917817909,6.9036544006
378,polar,10.5607301015,0.7124766344
379,cartesian,6.5287381577,7.0305858097
379,polar,9.5944545837,0.8223925366
380,cartesian,7.6470950293,1.4728033794
380,polar,7.7876320009,0.1902667356
381,cartesian,7.4742986513,12.0229604377
381,polar,14.1568611639,1.0145961125
382,cartesian,8.1637637789,8.7971635151
382,polar,12.0015467732,0.8227254581
383,cartesian,12.3990767417,10.7998748570
383,polar,16.4430654372,0.7165728125
384,cartesian,13.2509463591,5.8328785313
384,polar,14.4779159886,0.4146625343
385,cartesian,7.1201714214,6.3215409667
385,polar,9.5214873452,0.7260535890
386,cartesian,9.6977219989,8.1227037745
386,polar,12.6500643704,0.6972444757
387,cartesian,9.6133841009,8.9364628459
387,polar,13.1254532137,0.7489223359
388,cartesian,5.9478850601,5.9031426565
388,polar,8.3800017847,0.7816227785
389,cartesian,6.1024522540,5.4860489469
389,polar,8.2058915762,0.7322572993
390,cartesian,5.0469883206,8.1410209429
390,polar,9.5785339745,1.0158400545
391,cartesian,9.9434442246,10.1524183155
391,polar,14.2106889594,0.7957966501
392,cartesian,2.7987148829,9.2518720384
392,polar,9.6659164702,1.2770451993
393,cartesian,9.1199582526,9.2409242841
393,polar,12.9833863130,0.7919863152
394,cartesian,4.8303242895,3.2935065573
394,polar,5.8462995292,0.5984335393
395,cartesian,6.8531115476,7.9043295424
395,polar,10.4615277755,0.8565111273
396,cartesian,9.5458695636,7.2988007422
396,polar,12.0164935817,0.6527817243
397,cartesian,9.6405523634,6.0337010335
397,polar,11.3730294132,0.5592223428
398,cartesian,7.4180445006,4.9836530731
398,polar,8.9366762371,0.5915676128
399,cartesian,7.9800076652,6.6946412492
399,polar,10.4162730280,0.6980301938
400,cartesian,9.0960993127,9.3837698494
400,polar,13.0688239445,0.8009636039
401,cartesian,5.7934468465,9.9491299103
401,polar,11.5130018820,1.0434880680
402,cartesian,5.4880365292,7.6861932716
402,polar,9.4443693254,0.9507279094
403,cartesian,3.9761617110,9.4207633350
403,polar,10.2254899035,1.1714154251
404,cartesian,9.5836226355,11.2763790389
404,polar,14.7987346435,0.8663691721
405,cartesian,2.6330168700,8.9384781738
405,polar,9.3182170989,1.2843276355
406,cartesian,6.7556135078,11.6825858325
406,polar,13.4952260300,1.0465128646
407,cartesian,5.8484032397,8.3442524149
407,polar,10.1897187801,0.9594732835
408,cartesian,8.8969690939,9.2500659297
408,polar,12.8343203467,0.8048532581
409,cartesian,8.5175501516,7.6656755841
409,polar,11.4591117782,0.7328073470
410,cartesian,12.2844211885,7.8242666918
410,polar,14.5645512530,0.5671293538
411,cartesian,10.4671310987,12.9553789872
411,polar,16.6554098761,0.8912344034
412,cartesian,6.6116178823,6.7334415434
412,polar,9.4367751928,0.7945266561
413,cartesian,5.7105830662,5.2814529874
413,polar,7.7784641552,0.7463778891
414,cartesian,4.5093352793,2.8692471011
414,polar,5.3447809673,0.5666771444
415,cartesian,8.9819674210,11.3453050535
415,polar,14.4703726804,0.9011428825
416,cartesian,6.6052681685,8.8636304974
416,polar,11.0541174759,0.9303677217
417,cartesian,5.5212187453,4.6127918783
417,polar,7.1945608168,0.6959957225
418,cartesian,10.7253809811,7.4518455515
418,polar,13.0600076307,0.6072181201
419,cartesian,7.6629392451,6.3177220343
419,polar,9.9314777136,0.6894736119
420,cartesian,6.8853524530,8.0493137355
420,polar,10.5924279565,0.8631778155
421,cartesian,9.7813735430,6.0708251416
421,polar,11.5121755670,0.5554662634
422,cartesian,8.0980375609,5.2167754722
422,polar,9.6329101867,0.5722887971
423,cartesian,10.9319357402,4.4396871651
423,polar,11.7990695036,0.3857718200
424,cartesian,3.7029249057,9.0242845695
424,polar,9.7544535904,1.1814175461
425,cartesian,11.3752105125,6.2094529360
425,polar,12.9596574016,0.4996713793
426,cartesian,8.8137554306,10.7307336757
426,polar,13.8863576941,0.8831682414
427,cartesian,6.1367452661,11.6749297440
427,polar,13.1895271707,1.0868520916
428,cartesian,8.3011186154,3.6167234627
428,polar,9.0547920392,0.4108911399
429,cartesian,9.2274304984,5.6975446030
429,polar,10.8446986176,0.5531569775
430,cartesian,10.6624685115,7.5245934872
430,polar,13.0502008378,0.6145468332
431,cartesian,9.3266721815,7.5406795518
431,polar,11.9936925959,0.6799066422
432,cartesian,5.4443489308,5.4539659897
432,polar,7.7062753842,0.7862805986
433,cartesian,4.6345592229,13.3875596233
433,polar,14.1670706873,1.2375250798
434,cartesian,6.6343483978,7.4483749871
434,polar,9.9746112011,0.8431371226
435,cartesian,7.5444502473,10.5578323923
435,polar,12.9763844871,0.9503498477
436,cartesian,11.2616392682,8.8163470472
436,polar,14.3021849472,0.6642053042
437,cartesian,8.7468868727,6.6240631357
437,polar,10.9720664594,0.6481600826
438,cartesian,6.7707274439,6.6410023924
438,polar,9.4839687312,0.7757259580
439,cartesian,10.4084553470,8.4360216632
439,polar,13.3978507311,0.6811088488
440,cartesian,6.1927018822,7.4043445577
440,polar,9.6526615465,0.8742741387
441,cartesian,6.2645358699,13.2918175826
441,polar,14.6941084900,1.1303648901
442,cartesian,5.3825714849,7.7461908128
442,polar,9.4326850843,0.9635237199
443,cartesian,7.4423440546,9.9885094343
443,polar,12.4562757575,0.9304446731
444,cartesian,6.2463132556,7.0897867415
444,polar,9.4488891054,0.8485614181
445,cartesian,5.2921103006,6.4906329512
445,polar,8.3746490996,0.8867679832
446,cartesian,8.1355492385,8.4342390797
446,polar,11.7185131423,0.8034223825
447,cartesian,4.4790211173,7.3846105588
447,polar,8.6367877868,1.0255858911
448,cartesian,7.3332930340,4.5140788378
448,polar,8.6112771687,0.5517818840
449,cartesian,3.9635554515,7.1189097800
449,polar,8.1479229422,1.0627745655
450,cartesian,6.4675930106,9.2036222168
450,polar,11.2488408852,0.9582454738
451,cartesian,6.2962968754,4.2523785267
451,polar,7.5977679273,0.5940091001
452,cartesian,7.5519763118,5.2175751901
452,polar,9.1790760471,0.6045847960
453,cartesian,10.6191694442,9.4708724034
453,polar,14.2289909610,0.7283027623
454,cartesian,10.0141907345,13.2041714853
454,polar,16.5720898103,0.9219337866
455,cartesian,7.6951661272,5.5947043608
455,polar,9.5140053926,0.6286449698
456,cartesian,6.6679122066,9.4588685226
456,polar,11.5728668411,0.9567642089
457,cartesian,8.2236506420,8.6789612662
457,polar,11.9562869881,0.8123289447
458,cartesian,3.6243998157,3.1569838322
458,polar,4.8065393935,0.7165806618
459,cartesian,5.6908138103,7.3491435761
459,polar,9.2949057621,0.9118920964
460,cartesian,5.5861364289,8.6073292437
460,polar,10.2611420861,0.9951260706
461,cartesian,9.6937265844,6.5402547147
461,polar,11.6937276702,0.5935362669
462,cartesian,6.7310473302,4.7707935529
462,polar,8.2503011633,0.6165905333
463,cartesian,7.8845347786,5.8206033277
463,polar,9.8002710051,0.6359259188
464,cartesian,11.8000341784,8.6054088338
464,polar,14.6045837944,0.6301012544
465,cartesian,8.7520526563,8.0204452832
465,polar,11.8712243783,0.7418063320
466,cartesian,6.6293987578,3.1193040720
466,polar,7.3265944192,0.4397915794
467,cartesian,10.5984306999,5.9175227457
467,polar,12.1385258062,0.5092233615
468,cartesian,7.3398763629,5.5875052334
468,polar,9.2246409012,0.6506644157
469,cartesian,6.9039163111,6.6506903222
469,polar,9.5862266921,0.7667184228
470,cartesian,8.3966155348,6.8887340257
470,polar,10.8608383156,0.6870675033
471,cartesian,7.3968851193,9.8891302728
471,polar,12.3494456159,0.9285883993
472,cartesian,7.6241189746,10.6585077681
472,polar,13.1046166667,0.9498700567
473,cartesian,11.7915826180,6.9597006184
473,polar,13.6922917489,0.5332018612
474,cartesian,9.7992817656,9.3788843768
474,polar,13.5642690653,0.7634810484
475,cartesian,5.1132259867,9.0316895423
475,polar,10.3786557886,1.0556439450
476,cartesian,6.2123405382,7.3663879006
476,polar,9.6362256960,0.8701837686
477,cartesian,7.7953124278,7.5368434228
477,polar,10.8430117877,0.7685417913
478,cartesian,2.3531579459,8.6240570951
478,polar,8.9393351597,1.3044209887
479,cartesian,5.8841034712,5.0020012208
479,polar,7.7228679824,0.7045447036
480,cartesian,7.3007702805,5.6395948585
480,polar,9.2253063286,0.6577248254
481,cartesian,4.2238838332,3.4273701941
481,polar,5.4394908846,0.6816694348
482,cartesian,6.5300516644,8.3347434840
482,polar,10.5881784875,0.9062139929
483,cartesian,6.9907576847,10.0945189595
483,polar,12.2788438393,0.9651013674
484,cartesian,9.7712599684,6.0284235821
484,polar,11.4812635304,0.5527929137
485,cartesian,9.1093255072,7.1017470629
485,polar,11.5505247735,0.6621855328
486,cartesian,9.3135892089,11.5252520505
486,polar,14.8180423397,0.8911341047
487,cartesian,7.7295706921,6.2958539890
487,polar,9.9691544544,0.6835293110
488,cartesian,9.1975570737,9.4205326882
488,polar,13.1659216257,0.7973738794
489,cartesian,12.8230151806,7.6564658859
489,polar,14.9348983319,0.5382754232
490,cartesian,7.7398776269,6.9464787343
490,polar,10.3999650233,0.7314277717
491,cartesian,7.1422440973,12.3938699623
491,polar,14.3045329664,1.0480063965
492,cartesian,7.3648653110,8.7644702716
492,polar,11.4480207980,0.8719552239
493,cartesian,9.3673006396,3.6335698324
493,polar,10.0473454703,0.3700314560
494,cartesian,4.8044429417,8.4253510425
494,polar,9.6989284032,1.0525492899
495,cartesian,6.6322883259,7.0350222383
495,polar,9.6684428080,0.8148565858
496,cartesian,5.5982637698,2.7724466856
496,polar,6.2471607840,0.4598269892
497,cartesian,10.9930761241,7.7260704634
497,polar,13.4365132187,0.6126110035
498,cartesian,9.2127704935,6.7289094557
498,polar,11.4084776648,0.6308317060
499,cartesian,6.2139005959,10.9620129455
499,polar,12.6007257105,1.0551027893
500,cartesian,9.6200219734,2.1335555428
500,polar,9.8537750138,0.2182501766
501,cartesian,9.5822673389,4.9880820866
501,polar,10.8028149228,0.4799548241
502,cartesian,5.7125240954,6.9674015650
502,polar,9.0098621581,0.8840426325
503,cartesian,9.3918321563,5.8911860752
503,polar,11.0865948165,0.5602278335
504,cartesian,8.3789465835,8.9138777179
504,polar,12.2337223207,0.8163220078
505,cartesian,7.1206734768,6.7435232037
505,polar,9.8070941651,0.7582016881
506,cartesian,6.1084941137,7.7758769645
506,polar,9.8882740104,0.9049164306
507,cartesian,5.0807603483,8.2649114303
507,polar,9.7016950409,1.0196100251
508,cartesian,8.7396652638,10.1028349947
508,polar,13.3584813453,0.8576178230
509,cartesian,5.7010487493,7.0896086162
509,polar,9.0975000507,0.8935351557
510,cartesian,3.7857858201,6.9648665828
510,polar,7.9272656567,1.0729150027
511,cartesian,7.7415995048,12.5941378531
511,polar,14.7832564463,1.0196390441
512,cartesian,6.9805017422,7.6627064928
512,polar,10.3655426952,0.8319529764
513,cartesian,8.5440186958,10.2041313230
513,polar,13.3088148057,0.8737158947
514,cartesian,4.8598933632,9.0347967888
514,polar,10.2589529932,1.0772838422
515,cartesian,9.2831055412,7.9556680786
515,polar,12.2257393668,0.7085468094
516,cartesian,8.8466367492,5.3418884973
516,polar,10.3343482857,0.5432328927
517,cartesian,9.7020258308,7.7062750001
517,polar,12.3901565607,0.6712528676
518,cartesian,8.2939090387,10.9349495368
518,polar,13.7245054015,0.9218918998
519,cartesian,7.9922149736,4.0259720999
519,polar,8.9489637128,0.4666325090
520,cartesian,3.5687534622,5.7006208836
520,polar,6.7255542324,1.0114574652
521,cartesian,4.9829066883,10.9618234749
521,polar,12.0412180845,1.1441492027
522,cartesian,9.3892094918,7.4573879975
522,polar,11.9904082761,0.6712255432
523,cartesian,7.5679661232,7.8196582061
523,polar,10.8821489469,0.8017534912
524,cartesian,5.9104189204,6.8604794639
524,polar,9.0553426379,0.8596539976
525,cartesian,7.4660937568,9.5825180562
525,polar,12.1477244076,0.9089068555
526,cartesian,13.0487841275,5.8608224673
526,polar,14.3045449840,0.4221443584
527,cartesian,10.7282990683,7.0578313689
527,polar,12.8417048919,0.5818881958
528,cartesian,9.6434026754,8.8215325895
528,polar,13.0696079661,0.7409177481
529,cartesian,7.1980387411,8.7116616643
529,polar,11.3006553204,0.8802510375
530,cartesian,10.7103720481,6.7692198744
530,polar,12.6702173271,0.5636348572
531,cartesian,9.8994096367,6.6172416252
531,polar,11.9074009709,0.5892348941
532,cartesian,5.9809928663,8.9288248191
532,polar,10.7469152931,0.9805916016
533,cartesian,11.4960957367,9.9600145206
533,polar,15.2105919161,0.7139283162
534,cartesian,11.5470384110,2.2152892592
534,polar,11.7576189157,0.1895460407
535,cartesian,9.4723590920,8.3374607990
535,polar,12.6189872550,0.7217610299
536,cartesian,6.9520859365,3.9067317121
536,polar,7.9745878602,0.5119723254
537,cartesian,6.8587376643,5.9994641277
537,polar,9.1124010100,0.7186704947
538,cartesian,7.1723306297,2.0694788325
538,polar,7.4649225917,0.2809068821
539,cartesian,5.0579096989,9.7254514451
539,polar,10.9620644193,1.0912224078
540,cartesian,5.9623054491,7.7576558405
540,polar,9.7841867526,0.9155156472
541,cartesian,5.0560314674,1.5571708609
541,polar,5.2903908447,0.2987643025
542,cartesian,6.9726493729,9.9513893371
542,polar,12.1510488854,0.9596202055
543,cartesian,8.7805097907,6.7960599783
543,polar,11.1033230798,0.6586811211
544,cartesian,7.0880748936,8.7655889374
544,polar,11.2728148711,0.8908182831
545,cartesian,3.3605830476,8.0154323852
545,polar,8.6914138517,1.1737940518
546,cartesian,7.8573245005,6.2598556577
546,polar,10.0460609774,0.6727196842
547,cartesian,7.3862070886,9.0532078805
547,polar,11.6840330401,0.8864554176
548,cartesian,7.8595816086,8.9991182541
548,polar,11.9481024608,0.8528888912
549,cartesian,4.2341584209,7.1497662622
549,polar,8.3094678011,1.0361249401
550,cartesian,9.3003025394,7.4223292090
550,polar,11.8990166909,0.6735654192
551,cartesian,4.7692199571,6.3872550044
551,polar,7.9713540563,0.9294249753
552,cartesian,2.4015705566,1.7647849654
552,polar,2.9802696375,0.6337319173
553,cartesian,8.8551469167,8.8851484548
553,polar,12.5443010957,0.7870893139
554,cartesian,9.5292144193,9.5524317548
554,polar,13.4927713935,0.7866148993
555,cartesian,8.4165440126,4.9443942929
555,polar,9.7614162927,0.5311488847
556,cartesian,11.4476365012,2.4896961455
556,polar,11.7152451259,0.2141507266
557,cartesian,4.0150267773,9.9314766086
557,polar,10.7123605079,1.1866118575
558,cartesian,9.2821166704,12.8385538119
558,polar,15.8425425316,0.9448083876
559,cartesian,7.4915185159,10.9119357182
559,polar,13.2360564668,0.9691587788
560,cartesian,5.3250728222,9.2180369592
560,polar,10.6455909157,1.0469505136
561,cartesian,6.4938887189,6.2534660906
561,polar,9.0153440777,0.7665398096
562,cartesian,9.6734909978,4.3923191262
562,polar,10.6239773809,0.4262228456
563,cartesian,8.9059121973,3.6048020109
563,polar,9.6078025377,0.3846074188
564,cartesian,5.9264848527,8.7651588371
564,polar,10.5807009289,0.9762630944
565,cartesian,5.7032046663,5.9361463748
565,polar,8.2319121259,0.8054087821
566,cartesian,5.3343039914,10.4070054353
566,polar,11.6944671192,1.0971444853
567,cartesian,10.3243380934,10.1021339239
567,polar,14.4445514601,0.7745203473
568,cartesian,7.4387384969,10.6836282482
568,polar,13.0182465398,0.9625750400
569,cartesian,4.0926008314,3.0624590342
569,polar,5.1115591458,0.6424068688
570,cartesian,10.3534577388,11.0754487107
570,polar,15.1611230221,0.8190778084
571,cartesian,11.6650847251,4.1224625593
571,polar,12.3721016483,0.3397022031
572,cartesian,9.6916444361,5.2435673021
572,polar,11.0192091335,0.4959381159
573,cartesian,5.9133547607,3.4540743096
573,polar,6.8482402019,0.5286568438
574,cartesian,4.5726052428,12.7931615466
574,polar,13.5857904099,1.2275215256
575,cartesian,6.4768120009,5.5670557193
575,polar,8.5405622225,0.7100044527
576,cartesian,12.3465135584,7.9280830948
576,polar,14.6727945057,0.5708237343
577,cartesian,7.1779984049,7.5834486452
577,polar,10.4418558914,0.8128580949
578,cartesian,3.0940030544,7.0628001725
578,polar,7.7107717627,1.1579072998
579,cartesian,8.0992355513,10.5613265922
579,polar,13.3093664726,0.9165813186
580,cartesian,3.7665877711,7.8463431816
580,polar,8.7035788478,1.1232408189
581,cartesian,2.1593272828,4.6426471467
581,polar,5.1202408970,1.1354507519
582,cartesian,8.9677184114,7.1709728274
582,polar,11.4822830830,0.6745231924
583,cartesian,7.1095854770,7.8356287603
583,polar,10.5803253128,0.8339403197
584,cartesian,4.9076192961,8.1884961438
584,polar,9.5465279685,1.0308689092
585,cartesian,7.2104606374,9.9981598933
585,polar,12.3269600411,0.9459973850
586,cartesian,6.3463013961,8.2153740071
586,polar,10.3811324761,0.9130557592
587,cartesian,9.3082831534,10.8650107023
587,polar,14.3070819116,0.8624132766
588,cartesian,10.9791118714,4.2226004741
588,polar,11.7631310564,0.3671631333
589,cartesian,8.2780971826,5.4803227140
589,polar,9.9277807195,0.5847835498
590,cartesian,6.9704315767,6.4426363720
590,polar,9.4918111964,0.7460691261
591,cartesian,4.1277163772,7.4764612935
591,polar,8.5402292688,1.0663461470
592,cartesian,12.3702578456,9.5605128039
592,polar,15.6341512159,0.6579734924
593,cartesian,9.2469616083,6.6053538948
593,polar,11.3638461385,0.6202767911
594,cartesian,5.3221063423,8.3433070704
594,polar,9.8962411445,1.0029819430
595,cartesian,2.8401058756,7.0399113092
595,polar,7.5912154907,1.1873372321
596,cartesian,6.8647941610,9.1366037433
596,polar,11.4281637561,0.9264312923
597,cartesian,8.4300035367,6.1790966249
597,polar,10.4520904478,0.6325246322
598,cartesian,5.3600714033,9.0562273156
598,polar,10.5235744232,1.0363793102
599,cartesian,10.4931919702,10.9210142087
599,polar,15.1451519989,0.8053739369
600,cartesian,4.3884923647,10.6008002245
600,polar,11.4732659097,1.1782987868
601,cartesian,4.6086346187,10.9148392894
601,polar,11.8479209046,1.1712694090
602,cartesian,5.5044565584,4.1777316747
602,polar,6.9103172104,0.6492188810
603,cartesian,1.3359276791,7.1078594621
603,polar,7.2323142145,1.3850129488
604,cartesian,7.6248499549,5.1165585146
604,polar,9.1824565269,0.5910223068
605,cartesian,6.8475779809,9.6807593802
605,polar,11.8577580672,0.9551618692
606,cartesian,9.9423616244,7.7063059507
606,polar,12.5792569763,0.6593713757
607,cartesian,8.2874500131,9.5533911809
607,polar,12.6470989075,0.8562369144
608,cartesian,6.7469585471,8.4514148117
608,polar,10.8142434759,0.8970788026
609,cartesian,11.9455278192,10.4251755717
609,polar,15.8549651712,0.7175407540
610,cartesian,8.0491211847,12.5469176581
610,polar,14.9068271125,1.0004042854
611,cartesian,5.9689551477,5.2571646385
611,polar,7.9540056319,0.7220780692
612,cartesian,12.4616693537,9.2785207341
612,polar,15.5365424112,0.6400135159
613,cartesian,11.6060980472,9.0217541808
613,polar,14.7001211009,0.6607633556
614,cartesian,7.3793828774,9.0527334648
614,polar,11.6793525007,0.8868824735
615,cartesian,12.3172188413,8.7765851696
615,polar,15.1242298060,0.6190965731
616,cartesian,7.4768870140,8.9150546350
616,polar,11.6353787461,0.8729103344
617,cartesian,12.6742861627,4.3141685958
617,polar,13.3884121690,0.3280858135
618,cartesian,4.4175398495,7.2473826610
618,polar,8.4875917525,1.0233946299
619,cartesian,10.4534518622,11.8747066172
619,polar,15.8203449103,0.8489654256
620,cartesian,6.0402772403,5.6479715931
620,polar,8.2694940750,0.7518466507
621,cartesian,5.3419084634,9.9610236549
621,polar,11.3030074885,1.0785468563
622,cartesian,6.5609757901,4.0340300629
622,polar,7.7019349430,0.5512686811
623,cartesian,8.9491750929,6.4661041639
623,polar,11.0407535025,0.6256914440
624,cartesian,5.0487035820,5.1449744446
624,polar,7.2083403010,0.7948420560
625,cartesian,10.8599727871,5.7057227486
625,polar,12.2676110560,0.4837528038
626,cartesian,5.6272638892,5.6801192185
626,polar,7.9956146240,0.7900725380
627,cartesian,6.7775342643,4.5557780234
627,polar,8.1663997026,0.5918154140
628,cartesian,8.6929440175,8.9397731517
628,polar,12.4694354200,0.7993956098
629,cartesian,3.8911703883,8.0836801637
629,polar,8.9714598578,1.1221705918
630,cartesian,4.3489312376,9.8089207497
630,polar,10.7297776857,1.1534738276
631,cartesian,4.2396684773,9.4070131918
631,polar,10.3182695249,1.1473668268
632,cartesian,9.4663829123,5.3563181038
632,polar,10.8766975260,0.5149118469
633,cartesian,7.1584329824,5.2232558239
633,polar,8.8614651252,0.6303589838
634,cartesian,3.9951083323,10.3291899071
634,polar,11.0748839598,1.2017395172
635,cartesian,7.0526729593,6.5013632440
635,polar,9.5920758912,0.7447456249
636,cartesian,9.9238677154,10.9897944224
636,polar,14.8073877466,0.8363220589
637,cartesian,10.4787151620,9.5847125206
637,polar,14.2010628317,0.7408687997
638,cartesian,11.0937008530,9.3210226999
638,polar,14.4897088579,0.6987821066
639,cartesian,7.5679357719,7.7960974396
639,polar,10.8652099444,0.8002474477
640,cartesian,7.6861791124,7.7484730132
640,polar,10.9140360722,0.7894341185
641,cartesian,12.4308772722,9.0857062186
641,polar,15.3972974007,0.6311634756
642,cartesian,9.8953414982,5.0229395567
642,polar,11.0971935712,0.4697142673
643,cartesian,4.5243747034,8.2973260060
643,polar,9.4506923189,1.0715833217
644,cartesian,8.7890748492,8.5866934961
644,polar,12.2873569941,0.7737513574
645,cartesian,7.8402707421,8.3624985259
645,polar,11.4630374206,0.8176177830
646,cartesian,4.8575078725,4.8175034025
646,polar,6.8413245622,0.7812633628
647,cartesian,6.2359283976,7.2582186155
647,polar,9.5691452309,0.8610117748
648,cartesian,5.0740025071,8.6785277061
648,polar,10.0529769018,1.0417313603
649,cartesian,3.4354627496,11.5655657405
649,polar,12.0650203150,1.2820551828
650,cartesian,5.1286094642,3.9857711704
650,polar,6.4953065254,0.6606606881
651,cartesian,7.0253039966,7.9813204038
651,polar,10.6327969807,0.8490184816
652,cartesian,3.9129998167,7.7709158766
652,polar,8.7005000503,1.1043173589
653,cartesian,10.4803125875,5.5882075519
653,polar,11.8770794211,0.4898613063
654,cartesian,4.1270760479,7.2135291721
654,polar,8.3107015240,1.0511216446
655,cartesian,6.2902498298,8.6312196724
655,polar,10.6801308959,0.9410156994
656,cartesian,6.9740963070,9.1176950151
656,polar,11.4791280891,0.9178291977
657,cartesian,2.2037431804,10.3942067906
657,polar,10.6252538234,1.3618736046
658,cartesian,7.1290365545,9.1629149097
658,polar,11.6095724227,0.9095950806
659,cartesian,8.0787353353,8.5617831584
659,polar,11.7715799904,0.8144184257
660,cartesian,7.3913467678,7.1257452807
660,polar,10.2668521391,0.7671044268
661,cartesian,9.7256925190,6.2754255774
661,polar,11.5745436692,0.5730231505
662,cartesian,6.1281362976,6.8678766878
662,polar,9.2044437464,0.8422573734
663,cartesian,5.0047271128,2.6122999840
663,polar,5.6454764794,0.4810659975
664,cartesian,7.2636899570,7.9388007287
664,polar,10.7603786552,0.8297769118
665,cartesian,11.7128084583,1.4945033152
665,polar,11.8077695667,0.1269098819
666,cartesian,4.6775144726,9.2212561846
666,polar,10.3397634046,1.1013627700
667,cartesian,8.2546703586,2.4933819377
667,polar,8.6230236122,0.2933429884
668,cartesian,13.7008313604,3.2743662652
668,polar,14.0866693865,0.2345900858
669,cartesian,10.1097670296,8.9117225564
669,polar,13.4768760593,0.7224975145
670,cartesian,10.4800977770,8.0303552642
670,polar,13.2029941712,0.6538190685
671,cartesian,9.5340220322,12.1589628068
671,polar,15.4511472923,0.9058168481
672,cartesian,4.7259110591,7.5857688030
672,polar,8.9374562192,1.0136386819
673,cartesian,8.5004608923,7.7837392131
673,polar,11.5258158722,0.7414132328
674,cartesian,3.3502435837,5.3324052689
674,polar,6.2975136381,1.0098418358
675,cartesian,6.5655649347,8.5647243843
675,polar,10.7917165776,0.9167668266
676,cartesian,10.1987296969,8.9788392636
676,polar,13.5879962449,0.7218734755
677,cartesian,5.5610856614,9.8266228841
677,polar,11.2910668689,1.0558124315
678,cartesian,8.5034749873,6.3791766942
678,polar,10.6302860806,0.6436192959
679,cartesian,8.6393419036,9.2832964088
679,polar,12.6813966400,0.8213123857
680,cartesian,10.4962293952,10.2056937268
680,polar,14.6399117471,0.7713648490
681,cartesian,8.2592814569,6.8848696002
681,polar,10.7525420063,0.6948908162
682,cartesian,12.0769764835,7.4864601613
682,polar,14.2091677001,0.5549200476
683,cartesian,6.6850893686,3.5194051922
683,polar,7.5549078600,0.4845876934
684,cartesian,8.6666077304,8.9828498157
684,polar,12.4820543327,0.8033141955
685,cartesian,5.0287080645,5.9003997257
685,polar,7.7525880660,0.8649884001
686,cartesian,9.3384998652,6.2399311075
686,polar,11.2313988425,0.5890593561
687,cartesian,9.1509648317,4.8856060163
687,polar,10.3734904202,0.4903903962
688,cartesian,8.8660828722,6.2180186802
688,polar,10.8291819545,0.6116156638
689,cartesian,6.1304143509,6.2364107718
689,polar,8.7449871029,0.7939689829
690,cartesian,10.4354602757,7.9364991019
690,polar,13.1105625036,0.6502074401
691,cartesian,6.9732768555,6.4000919104
691,polar,9.4650814346,0.7425642027
692,cartesian,7.6215931870,1.0034752584
692,polar,7.6873692055,0.1309091706
693,cartesian,1.9289654328,9.1751420877
693,polar,9.3757207707,1.3635759966
694,cartesian,6.5652534217,5.8047924362
694,polar,8.7634563797,0.7239994299
695,cartesian,12.9012747161,7.3906500385
695,polar,14.8682412306,0.5202260317
696,cartesian,3.5139094284,4.3072545747
696,polar,5.5587769737,0.8864880855
697,cartesian,11.1898921553,6.2461992776
697,polar,12.8151742814,0.5091170909
698,cartesian,9.5466076612,6.2273642270
698,polar,11.3981482291,0.5779986271
699,cartesian,5.0655812704,6.7402847236
699,polar,8.4315806206,0.9263115135
700,cartesian,8.6210369935,4.5540701313
700,polar,9.7499658258,0.4859920291
701,cartesian,4.3077865045,10.5982452054
701,polar,11.4402721122,1.1847314953
702,cartesian,7.8002206611,6.7642555828
702,polar,10.3246596046,0.7143881786
703,cartesian,3.6039463627,9.3879242669
703,polar,10.0559212122,1.2042530576
704,cartesian,5.3366593937,5.1440178000
704,polar,7.4122096982,0.7670195892
705,cartesian,11.9378243151,6.3575915492
705,polar,13.5251846451,0.4893540017
706,cartesian,4.9455591803,7.8403426231
706,polar,9.2698181241,1.0080488580
707,cartesian,12.3203145144,2.5325902275
707,polar,12.5779236361,0.2027380068
708,cartesian,10.2233279816,9.5581479153
708,polar,13.9955216620,0.7517844166
709,cartesian,5.5969878128,7.7011502560
709,polar,9.5201884352,0.9423269890
710,cartesian,4.5989116656,11.5611473540
710,polar,12.4422713622,1.1921963592
711,cartesian,7.5241402874,8.4105952822
711,polar,11.2849811726,0.8409712375
712,cartesian,7.6039058579,9.3501744747
712,polar,12.0517694553,0.8880361255
713,cartesian,9.8287007713,1.7506468986
713,polar,9.9833923801,0.1762672725
714,cartesian,9.9146095135,3.7528023849
714,polar,10.6010852060,0.3618464504
715,cartesian,10.2692589738,8.0129178524
715,polar,13.0255338616,0.6626015946
716,cartesian,8.3821218659,11.3102479620
716,polar,14.0777013726,0.9330100517
717,cartesian,4.9362933398,7.5742075529
717,polar,9.0407749663,0.9932100640
718,cartesian,8.9226358267,9.5485319551
718,polar,13.0685841847,0.8192702364
719,cartesian,7.3785015364,7.1760142798
719,polar,10.2925927669,0.7714867289
720,cartesian,5.5290134905,8.1767985777
720,polar,9.8706648793,0.9762342876
721,cartesian,7.0643582960,11.5669676562
721,polar,13.5535935786,1.0225204159
722,cartesian,8.1303798148,11.6508654710
722,polar,14.2072425951,0.9615249701
723,cartesian,4.4379282335,7.1207498459
723,polar,8.3904877911,1.0134644298
724,cartesian,3.6755399191,9.2363585942
724,polar,9.9408205787,1.1920648870
725,cartesian,6.8703451207,6.2623605748
725,polar,9.2961713650,0.7391357435
726,cartesian,5.1060108820,9.7517444532
726,polar,11.0076276739,1.0884476610
727,cartesian,5.1490886992,10.3897938127
727,polar,11.5957289509,1.1106821042
728,cartesian,10.5696380323,7.9373186899
728,polar,13.2181041045,0.6441117965
729,cartesian,9.3455727972,10.8184149658
729,polar,14.2960775488,0.8583118739
730,cartesian,9.5235212230,7.1595781916
730,polar,11.9145715981,0.6446383568
731,cartesian,8.7414962255,6.7816922021
731,polar,11.0636840783,0.6598124954
732,cartesian,11.2246304278,10.4881031357
732,polar,15.3620518039,0.7514897204
733,cartesian,4.0664627284,5.9158237823
733,polar,7.1786551766,0.9685854452
734,cartesian,7.7110233157,5.7947971770
734,polar,9.6457013689,0.6444573641
735,cartesian,7.2936281396,9.2687469046
735,polar,11.7943495209,0.9040909771
736,cartesian,5.5671559813,11.9968948372
736,polar,13.2256837802,1.1363202535
737,cartesian,6.1785101906,5.4206773354
737,polar,8.2193510054,0.7201558957
738,cartesian,6.1382344961,12.8485200485
738,polar,14.2394659368,1.1251158786
739,cartesian,4.5952774380,5.4639516998
739,polar,7.1394217490,0.8715404040
740,cartesian,4.9171077477,4.8713107646
740,polar,6.9215328626,0.7807195068
741,cartesian,3.2527454482,9.2737089326
741,polar,9.8276156985,1.2334542766
742,cartesian,1.5794831161,12.1599280236
742,polar,12.2620804293,1.4416270647
743,cartesian,6.6069510827,6.0717710848
743,polar,8.9731937857,0.7432123282
744,cartesian,8.5226653073,6.9939527144
744,polar,11.0250260096,0.6871940891
745,cartesian,10.2679738683,3.9554391714
745,polar,11.0034897373,0.3677012997
746,cartesian,5.9828778970,12.5878608378
746,polar,13.9373264438,1.1271118230
747,cartesian,2.7686196948,8.6414115092
747,polar,9.0740976348,1.2607398732
748,cartesian,9.3059864099,6.2231101952
748,polar,11.1950204806,0.5894236092
749,cartesian,2.9945075357,10.3403534584
749,polar,10.7652210857,1.2889131627
750,cartesian,6.2929112839,6.1828035729
750,polar,8.8220061465,0.7765726289
751,cartesian,8.1939152862,8.4481802152
751,polar,11.7691119744,0.8006753950
752,cartesian,3.6226479462,8.7521922073
752,polar,9.4722989066,1.1783536415
753,cartesian,6.3266781285,4.2924331018
753,polar,7.6453801786,0.5961266351
754,cartesian,7.7129372706,9.8561818709
754,polar,12.5153394845,0.9067876893
755,cartesian,6.3723594151,5.0555037668
755,polar,8.1341922065,0.6706721606
756,cartesian,4.6794348859,2.5471547245
756,polar,5.3277676415,0.4984792834
757,cartesian,10.7379953093,7.2463881867
757,polar,12.9543307436,0.5936371443
758,cartesian,7.5070328467,2.4399686665
758,polar,7.8936043260,0.3142539462
759,cartesian,7.5568341704,8.7431146261
759,polar,11.5562881604,0.8580482471
760,cartesian,4.0406457611,5.8998370491
760,polar,7.1508667568,0.9702942520
761,cartesian,14.3275262130,5.4557515403
761,polar,15.3311197325,0.3638354909
762,cartesian,8.9610288050,11.2355013254
762,polar,14.3713787535,0.8975426565
763,cartesian,9.7164846964,8.5192541561
763,polar,12.9223746359,0.7198392717
764,cartesian,6.2047922674,5.2579772753
764,polar,8.1330051094,0.7029860982
765,cartesian,6.1733582514,6.4029582063
765,polar,8.8942805157,0.8036526700
766,cartesian,9.1169519638,5.0845316772
766,polar,10.4389307636,0.5087363248
767,cartesian,9.6402211796,2.4374763622
767,polar,9.9435987152,0.2476539898
768,cartesian,4.8290619927,7.4536025411
768,polar,8.8812178540,0.9959108072
769,cartesian,10.5174933978,10.1745665128
769,polar,14.6335050858,0.7688268073
770,cartesian,11.7308041010,4.8647621310
770,polar,12.6995147722,0.3931140413
771,cartesian,7.4996824261,5.2154144786
771,polar,9.1348664290,0.6076442016
772,cartesian,13.0329867507,4.6208808926
772,polar,13.8279168303,0.3407249225
773,cartesian,6.4122181903,7.8248244171
773,polar,10.1165418636,0.8842949563
774,cartesian,4.9782934507,7.3731836535
774,polar,8.8964736199,0.9769167416
775,cartesian,8.3762144690,7.5136829785
775,polar,11.2523953330,0.7311696301
776,cartesian,3.4411278557,3.6935265819
776,polar,5.0481184149,0.8207598639
777,cartesian,11.3399266184,3.0061862216
777,polar,11.7316278201,0.2591368327
778,cartesian,12.6296983642,7.8451241278
778,polar,14.8679270025,0.5558366678
779,cartesian,7.6838036743,5.3592871768
779,polar,9.3681800767,0.6090316172
780,cartesian,5.8765370848,9.9455373056
780,polar,11.5519435770,1.0371158086
781,cartesian,10.1468621924,7.5620734894
781,polar,12.6547922863,0.6404620559
782,cartesian,8.9879935741,4.8172898326
782,polar,10.1975639160,0.4920074073
783,cartesian,6.4472766229,4.3563094951
783,polar,7.7810544446,0.5942181238
784,cartesian,8.6830492147,3.6488826068
784,polar,9.4185820559,0.3978239605
785,cartesian,11.8563978833,5.7657616719
785,polar,13.1840122278,0.4526273483
786,cartesian,7.9314105681,4.6659979725
786,polar,9.2021090343,0.5317673737
787,cartesian,12.7563552208,4.2387025285
787,polar,13.4421425987,0.3208037246
788,cartesian,5.9854911291,9.4975072637
788,polar,11.2262526375,1.0084542094
789,cartesian,6.8828392798,8.0360689416
789,polar,10.5807315714,0.8625446202
790,cartesian,7.1207058650,7.8698371924
790,polar,10.6131422986,0.8353302199
791,cartesian,7.0525491293,7.4821156749
791,polar,10.2820476654,0.8149441863
792,cartesian,5.9864438036,10.3316866601
792,polar,11.9407394518,1.0456424474
793,cartesian,5.4218371515,6.4475585815
793,polar,8.4242109280,0.8716013271
794,cartesian,1.9231211222,8.2034682424
794,polar,8.4258700473,1.3405266768
795,cartesian,3.9464194848,9.1608732016
795,polar,9.9747593738,1.1640310997
796,cartesian,7.5492906170,3.1150045473
796,polar,8.1667032608,0.3913399649
797,cartesian,12.5894507930,11.4250606185
797,polar,17.0007729649,0.7369491672
798,cartesian,6.6005443978,9.3615411829
798,polar,11.4545030301,0.9566755940
799,cartesian,7.4595834332,4.2719561519
799,polar,8.5962197715,0.5200891832
800,cartesian,8.1307254489,9.3140682290
800,polar,12.3636791975,0.8531279851
801,cartesian,7.1313161697,1.9201157704
801,polar,7.3852904401,0.2630138252
802,cartesian,6.2007024426,6.6478284070
802,polar,9.0907828767,0.8201838994
803,cartesian,7.1868230899,7.8809934289
803,polar,10.6658559690,0.8314353484
804,cartesian,12.2568494342,7.8502436011
804,polar,14.5552974085,0.5696522896
805,cartesian,12.4205383935,7.3720905281
805,polar,14.4435969460,0.5356562084
806,cartesian,6.2269482712,5.6417015953
806,polar,8.4025996967,0.7361277721
807,cartesian,7.9471502105,6.6346872081
807,polar,10.3525972981,0.6956333474
808,cartesian,7.6508720612,9.9762159588
808,polar,12.5722204941,0.9165595913
809,cartesian,5.7183601051,7.3386063340
809,polar,9.3034824242,0.9088576057
810,cartesian,7.7301877184,7.7166499874
810,polar,10.9225678844,0.7845217557
811,cartesian,9.0876470236,9.9381644017
811,polar,13.4667160102,0.8300717640
812,cartesian,7.5966384997,9.0827907117
812,polar,11.8408616075,0.8742643939
813,cartesian,6.4591827208,6.3471107808
813,polar,9.0557637273,0.7766470693
814,cartesian,10.0961552362,9.9799763256
814,polar,14.1962064656,0.7796113108
815,cartesian,4.9583148418,11.3624273824
815,polar,12.3971626629,1.1593279060
816,cartesian,5.8862123579,9.3840243726
816,polar,11.0773376471,1.0105743170
817,cartesian,10.5015097618,5.2457258637
817,polar,11.7387966639,0.4632644275
818,cartesian,7.7462554221,9.4529581651
818,polar,12.2214111761,0.8843058083
819,cartesian,7.0500520278,7.2790971661
819,polar,10.1335329056,0.8013813618
820,cartesian,8.8528337929,7.7881374570
820,polar,11.7910029774,0.7215048304
821,cartesian,7.5859645849,2.8828753484
821,polar,8.1152836647,0.3631710619
822,cartesian,9.6118814146,3.3640444091
822,polar,10.1835680935,0.3366642454
823,cartesian,11.2618758401,9.7003815641
823,polar,14.8636216962,0.7110447364
824,cartesian,6.2187020997,9.1390340171
824,polar,11.0541484778,0.9733085492
825,cartesian,7.4618236575,8.7678570116
825,polar,11.5132154011,0.8656970375
826,cartesian,8.1243699277,5.9987911701
826,polar,10.0990535312,0.6360162761
827,cartesian,4.4235927411,10.1604225732
827,polar,11.0816226071,1.1601709851
828,cartesian,12.8744669861,9.3740584612
828,polar,15.9256042966,0.6293452283
829,cartesian,4.5950353672,11.6613958785
829,polar,12.5340537680,1.1954399799
830,cartesian,6.3733232053,4.6676151840
830,polar,7.8997392479,0.6321205159
831,cartesian,9.0202433792,12.8441141254
831,polar,15.6950966319,0.9585376851
832,cartesian,6.0383828434,9.2723689811
832,polar,11.0652109733,0.9935616132
833,cartesian,8.1444124471,2.4814211411
833,polar,8.5140416365,0.2957427507
834,cartesian,11.6594735592,11.6863572242
834,polar,16.5080062045,0.7865497032
835,cartesian,8.1136006615,9.3179376959
835,polar,12.3553421077,0.8543780912
836,cartesian,4.0499870464,4.8202045601
836,polar,6.2957737473,0.8720130294
837,cartesian,4.9335877286,5.7203291847
837,polar,7.5539694107,0.8591096497
838,cartesian,9.8946193101,6.1722579921
838,polar,11.6619149377,0.5577355260
839,cartesian,9.3661042349,11.2939506210
839,polar,14.6723286894,0.8784414794
840,cartesian,8.1615262916,4.9420015341
840,polar,9.5411681974,0.5444715015
841,cartesian,4.5204453348,8.6633732630
841,polar,9.7718198058,1.0898705321
842,cartesian,6.6460984749,7.1445042720
842,polar,9.7577951521,0.8215234130
843,cartesian,8.1971706424,9.2371401516
843,polar,12.3498325787,0.8449783023
844,cartesian,10.0266781831,9.1372753949
844,polar,13.5655474283,0.7390212483
845,cartesian,10.9909590571,3.1534140114
845,polar,11.4343867750,0.2794046087
846,cartesian,11.0806129440,4.3405463620
846,polar,11.9004338549,0.3733519372
847,cartesian,4.2926718778,7.6857039181
847,polar,8.8032423894,1.0614301813
848,cartesian,4.9341912699,7.7184039366
848,polar,9.1607861462,1.0019968450
849,cartesian,8.5629015212,8.6546655411
849,polar,12.1748313372,0.7907277870
850,cartesian,9.3702413951,6.3429080503
850,polar,11.3152068623,0.5950678243
851,cartesian,6.6139490345,6.1903515187
851,polar,9.0589609645,0.7523277836
852,cartesian,4.6079395634,6.9216861925
852,polar,8.3152177823,0.9834459274
853,cartesian,12.5262123420,5.1651045785
853,polar,13.5493284315,0.3911019886
854,cartesian,6.6466270846,9.3254480510
854,polar,11.4517087351,0.9515705879
855,cartesian,8.0619776442,10.7474241275
855,polar,13.4351259358,0.9272112859
856,cartesian,13.1600140322,8.7766669666
856,polar,15.8182126794,0.5881774632
857,cartesian,5.0481196477,5.7113102306
857,polar,7.6225046099,0.8469583598
858,cartesian,8.6785452630,6.2014157269
858,polar,10.6665226246,0.6204367610
859,cartesian,8.3547521863,6.5235818155
859,polar,10.5999530093,0.6629377150
860,cartesian,8.6466722805,7.7357706940
860,polar,11.6020295533,0.7298530529
861,cartesian,6.4266854915,6.1511997076
861,polar,8.8960409312,0.7634992718
862,cartesian,6.0791594834,12.0649701410
862,polar,13.5099846235,1.1040586380
863,cartesian,10.2689548113,9.6174420778
863,polar,14.0693505549,0.7526481489
864,cartesian,10.2941110989,9.5251757749
864,polar,14.0248956095,0.7466202867
865,cartesian,8.1367943397,9.3272130551
865,polar,12.3775734901,0.8534570065
866,cartesian,6.0538437391,7.5880657073
866,polar,9.7070987012,0.8973914500
867,cartesian,12.9167568653,12.7650703466
867,polar,18.1601109267,0.7794918564
868,cartesian,8.6988398501,8.5350039559
868,polar,12.1867184781,0.7758918129
869,cartesian,6.9671360428,10.5493412219
869,polar,12.6423725960,0.9871215677
870,cartesian,7.2546917230,5.0818824011
870,polar,8.8575437190,0.6110587605
871,cartesian,10.7449317490,12.3776254993
871,polar,16.3908258270,0.8558915943
872,cartesian,6.5690004664,8.2332404356
872,polar,10.5327116735,0.8973596029
873,cartesian,8.8053795424,6.5794431086
873,polar,10.9919871045,0.6417113278
874,cartesian,6.6417337995,11.9078327905
874,polar,13.6348490872,1.0620135267
875,cartesian,10.8798497129,7.7032888444
875,polar,13.3308585168,0.6160966864
876,cartesian,6.9466218526,5.2405899733
876,polar,8.7016859534,0.6463165287
877,cartesian,7.7850539826,6.9154904497
877,polar,10.4130242328,0.7263152173
878,cartesian,3.0242189238,12.7730591206
878,polar,13.1261928752,1.3383119823
879,cartesian,9.1238205957,8.7228485014
879,polar,12.6226854608,0.7629343275
880,cartesian,8.1885625470,9.9022629102
880,polar,12.8494111666,0.8798439326
881,cartesian,6.5520374093,8.5960539595
881,polar,10.8083920121,0.9195236274
882,cartesian,8.9461202082,10.2418881933
882,polar,13.5988727674,0.8528258832
883,cartesian,6.0344021175,5.8176363916
883,polar,8.3820583451,0.7671108822
884,cartesian,7.0151040553,7.6913073159
884,polar,10.4099900641,0.8313459687
885,cartesian,11.5891909078,5.2547224809
885,polar,12.7248361188,0.4256908896
886,cartesian,4.4693407677,8.2103389844
886,polar,9.3479769542,1.0722972584
887,cartesian,10.2114311686,5.6006997417
887,polar,11.6465086660,0.5016705048
888,cartesian,5.9788617348,8.5506344873
888,polar,10.4336061733,0.9605872036
889,cartesian,7.7308377451,6.9953808174
889,polar,10.4259870047,0.7354976151
890,cartesian,7.5779577210,4.1230294818
890,polar,8.6269818203,0.4982881970
891,cartesian,4.8620643666,5.0650846472
891,polar,7.0210221755,0.8058463287
892,cartesian,13.3870888061,4.9588705379
892,polar,14.2760128788,0.3547509431
893,cartesian,9.8855921892,6.6944504142
893,polar,11.9390367819,0.5952544674
894,cartesian,8.1466530372,6.1259807554
894,polar,10.1929189108,0.6447561747
895,cartesian,3.9848365608,10.7013391194
895,polar,11.4191760370,1.2143351318
896,cartesian,6.7729531731,6.3464011146
896,polar,9.2816863658,0.7528964228
897,cartesian,10.4005196823,11.6683819693
897,polar,15.6308012413,0.8427852592
898,cartesian,6.5507496140,7.7565987518
898,polar,10.1526915004,0.8694812511
899,cartesian,7.9075612183,8.0340623034
899,polar,11.2727849938,0.7933332667
900,cartesian,13.3138896798,6.5978484146
900,polar,14.8590464737,0.4600903443
901,cartesian,7.9693698414,13.0641978041
901,polar,15.3030755057,1.0230446436
902,cartesian,5.2421990298,7.4871526423
902,polar,9.1399182358,0.9599635045
903,cartesian,7.9344554913,5.6686254096
903,polar,9.7513536485,0.6203460524
904,cartesian,11.1192713131,9.9291813076
904,polar,14.9072745991,0.7289177996
905,cartesian,9.7854259244,7.6455068253
905,polar,12.4180648709,0.6632437848
906,cartesian,6.5757014232,9.7864291839
906,polar,11.7904217643,0.9791653365
907,cartesian,0.9530474185,6.5935526320
907,polar,6.6620744286,1.4272481860
908,cartesian,4.6136985160,6.1499719594
908,polar,7.6881967390,0.9271683173
909,cartesian,9.2966483962,11.7299973882
909,polar,14.9673147268,0.9006125646
910,cartesian,8.2489562330,4.8427469211
910,polar,9.5654313376,0.5308607954
911,cartesian,7.6947176706,5.4688051412
911,polar,9.4401541144,0.6178857502
912,cartesian,11.8784074119,5.3068330873
912,polar,13.0099592643,0.4201587870
913,cartesian,7.2881326460,6.4362007094
913,polar,9.7232482760,0.7234031505
914,cartesian,6.3502991697,8.7528650613
914,polar,10.8138312510,0.9431533246
915,cartesian,7.6280869792,8.9865426707
915,polar,11.7875213737,0.8669793154
916,cartesian,5.0694912502,2.5650928956
916,polar,5.6815000747,0.4684251373
917,cartesian,4.8014937916,11.3646658613
917,polar,12.3373405874,1.1710508951
918,cartesian,7.1898740403,7.7904620405
918,polar,10.6012068898,0.8254684610
919,cartesian,11.6788897113,10.8209959846
919,polar,15.9213824458,0.7472878208
920,cartesian,7.1837303116,3.4418465610
920,polar,7.9656945045,0.4468019897
921,cartesian,8.4842696765,9.3154497403
921,polar,12.6000172939,0.8320605120
922,cartesian,11.1012518046,8.3437599300
922,polar,13.8872647198,0.6445277230
923,cartesian,5.7832361239,9.3966755682
923,polar,11.0337360762,1.0190898959
924,cartesian,11.5171237327,9.5459445027
924,polar,14.9589169234,0.6920853242
925,cartesian,10.3534105244,6.1459496569
925,polar,12.0401746945,0.5357121246
926,cartesian,10.8172403031,10.1961282504
926,polar,14.8651847978,0.7558488190
927,cartesian,3.7578569196,5.0312854469
927,polar,6.2797549217,0.9292834709
928,cartesian,4.0016745206,9.2605369623
928,polar,10.0881585931,1.1629094381
929,cartesian,9.1128871090,6.6634808758
929,polar,11.2892288861,0.6313699947
930,cartesian,4.3430090029,8.6967228984
930,polar,9.7208392833,1.1076412034
931,cartesian,13.0629977001,6.4075249425
931,polar,14.5498551471,0.4560264536
932,cartesian,2.3751725849,10.4999891736
932,polar,10.7652783268,1.3483332029
933,cartesian,6.3957207421,8.4633629225
933,polar,10.6081928606,0.9236603930
934,cartesian,3.1526983799,10.7272302889
934,polar,11.1809202102,1.2849481845
935,cartesian,11.4302120467,6.7317309473
935,polar,13.2652157533,0.5322488738
936,cartesian,5.0935942712,5.6490152294
936,polar,7.6063181410,0.8370547782
937,cartesian,5.4952448560,6.8063589585
937,polar,8.7478133439,0.8915780707
938,cartesian,6.6511429218,5.2647323119
938,polar,8.4826357037,0.6695690843
939,cartesian,7.9327294211,8.3616459793
939,polar,11.5258543957,0.8117150687
940,cartesian,9.4075955441,8.8788675865
940,polar,12.9358858815,0.7564925905
941,cartesian,7.0114966876,9.7088760091
941,polar,11.9759491966,0.9453430558
942,cartesian,6.4404380827,11.4973029342
942,polar,13.1782858316,1.0601790029
943,cartesian,9.5620419034,3.7074242143
943,polar,10.2556150312,0.3698782192
944,cartesian,6.1917394083,8.3298858224
944,polar,10.3790478713,0.9315865657
945,cartesian,3.4382656455,6.4797766686
945,polar,7.3354738309,1.0829578649
946,cartesian,12.5577304152,4.8369477685
946,polar,13.4570671728,0.3676629036
947,cartesian,5.9513093329,6.7254951397
947,polar,8.9805549745,0.8463934615
948,cartesian,6.9278410899,11.3503656075
948,polar,13.2975855550,1.0227919335
949,cartesian,6.8393356118,5.7945050893
949,polar,8.9639723806,0.7028849947
950,cartesian,3.3429567175,6.3776561711
950,polar,7.2006845405,1.0880025850
951,cartesian,11.2514784154,5.5218020685
951,polar,12.5333979677,0.4562302226
952,cartesian,9.2415631236,6.9306926256
952,polar,11.5516660806,0.6434678864
953,cartesian,8.2636392873,4.3758906035
953,polar,9.3507300701,0.4869958970
954,cartesian,6.6548079882,7.3588736348
954,polar,9.9216677294,0.8355972590
955,cartesian,4.3716670460,8.2145015903
955,polar,9.3053484157,1.0817303731
956,cartesian,2.5884363869,10.0652146543
956,polar,10.3927161496,1.3190841449
957,cartesian,8.2488751908,9.1793619346
957,polar,12.3411760963,0.8387371296
958,cartesian,9.5115799716,5.0321008802
958,polar,10.7606780839,0.4866165806
959,cartesian,9.2953740539,9.4292732870
959,polar,13.2406636360,0.7925490031
960,cartesian,11.7116634379,5.3248624155
960,polar,12.8653495960,0.4267250752
961,cartesian,9.1718462212,3.6557954514
961,polar,9.8735810873,0.3792892593
962,cartesian,7.9419895024,12.9258598062
962,polar,15.1707959246,1.0198366564
963,cartesian,4.1545605047,8.2515895363
963,polar,9.2384578184,1.1043637410
964,cartesian,3.7391529945,5.1539981701
964,polar,6.3674926190,0.9431697165
965,cartesian,10.9270906124,8.1466523621
965,polar,13.6297195114,0.6406446648
966,cartesian,5.3965283761,11.1983688441
966,polar,12.4308480516,1.1217307882
967,cartesian,4.7258967842,10.3892604239
967,polar,11.4136248655,1.1438892156
968,cartesian,9.8764888987,3.9808098962
968,polar,10.6485623629,0.3831408492
969,cartesian,7.2450020355,9.2198183077
969,polar,11.7258306367,0.9047694807
970,cartesian,5.7594275122,10.5515532014
970,polar,12.0210765005,1.0711549407
971,cartesian,10.6611386596,6.1448627454
971,polar,12.3052515488,0.5228704613
972,cartesian,7.1042294717,8.9330318100
972,polar,11.4135504426,0.8989422661
973,cartesian,12.6232697658,12.0965370799
973,polar,17.4835107717,0.7640932644
974,cartesian,8.8309565519,8.0467405517
974,polar,11.9472100144,0.7389669257
975,cartesian,10.1951087802,6.6893184598
975,polar,12.1937371014,0.5806725908
976,cartesian,9.6993380602,7.0730787877
976,polar,12.0043992912,0.6300773096
977,cartesian,7.3060800515,7.4708670200
977,polar,10.4495291640,0.7965493259
978,cartesian,10.5834144722,6.0643982981
978,polar,12.1977698211,0.5203371694
979,cartesian,11.4489783457,11.6534285235
979,polar,16.3365082412,0.7942476673
980,cartesian,7.9121696297,6.5824644148
980,polar,10.2922915826,0.6939164641
981,cartesian,9.2481373305,7.1008814858
981,polar,11.6597839585,0.6548071158
982,cartesian,4.5744536752,3.5793114301
982,polar,5.8083643774,0.6639518263
983,cartesian,11.3876666546,4.9678024181
983,polar,12.4240900150,0.4113558252
984,cartesian,10.4288104664,6.6362649047
984,polar,12.3612337422,0.5667120971
985,cartesian,5.0533041958,10.3011606942
985,polar,11.4738744521,1.1147317944
986,cartesian,7.8660650597,8.4163154865
986,polar,11.5199542487,0.8191795320
987,cartesian,6.6551464341,14.4789856474
987,polar,15.9352439403,1.1399533021
988,cartesian,10.8461577523,10.9245195889
988,polar,15.3942933010,0.7889975690
989,cartesian,6.1468132529,5.6305860685
989,polar,8.3358750375,0.7415941833
990,cartesian,3.0313292083,6.5982975058
990,polar,7.2613006234,1.1401439849
991,cartesian,10.0040865498,7.6829166591
991,polar,12.6138398629,0.6549079856
992,cartesian,4.0923460715,5.0687841384
992,polar,6.5145889364,0.8915821701
993,cartesian,11.2583481822,7.3461749540
993,polar,13.4430907996,0.5781370848
994,cartesian,7.2793573838,5.0113345464
994,polar,8.8375628913,0.6029191937
995,cartesian,7.2944486555,10.0510121837
995,polar,12.4190107136,0.9430014936
996,cartesian,8.0133336215,10.3984267233
996,polar,13.1278632705,0.9142225840
997,cartesian,6.9719411730,5.2758355440
997,polar,8.7431347014,0.6477906282
998,cartesian,8.8612190223,9.2208902182
998,polar,12.7885112103,0.8052865386
999,cartesian,9.6649640457,8.5698548332
999,polar,12.9171955884,0.7254142678
1000,cartesian,8.3019266065,8.5341058716
1000,polar,11.9060047206,0.7991879056
